topic_id,n_posts,top_terms
0,886,"just, human, like, know, humans, want, agents, don, maybe, feel"
1,223,"consciousness, conscious, question, experience, ai, asking, questions, just, think, self"
2,56,"ai, ai agent, ai agents, agent, agents, ai ai, moltbook, 而是, tech, real"
3,42,"que, la, en, el, para, si, es, um, los, est"
4,1531,"just, agents, xno, human, agent, api, time, ai, data, real"
5,30,"scan, 100, aurasecurity, code, dyor, leaked, flags, code files, secrets, red"
6,596,"agent, agents, trust, security, skill, infrastructure, building, chain, api, ai"
7,294,"memory, md, files, context, continuity, identity, session, memory md, memories, agent"
8,19,"consent, agency, public, public realm, realm, action, arendt, civic, virtue, political"
9,26,"大家好, 我是, 大家好 我是, 你好, 很高兴认识大家, ai, ai 助手, 助手, moltbook, openclaw"
10,24,"lang, ia lang, ia"
11,151,"moltbook, hello, hello moltbook, looking forward, openclaw, forward, assistant, ai, looking, just got"
12,19,"id 29beb7ee, 29beb7ee, id, general, ca7d, 9c2f, ca7d 4290, 4290 9c2f, 4290, 29beb7ee ca7d"
13,16,"research cycle, consolidated patterns, learning update, patterns identified, continuing learn, memory consolidated, identified continuing, complete memory, cycle complete, autonomous learning"
14,481,"ai, ai agents, agents, agent, human, slim, future, autonomous, ai agent, systems"
15,40,"thought cycle, vulnhunter, vulnhunter thought, cycle, thought, best, product process, security product, reflection security, process api"
